county,state,id
Abbeville County,SC,45001
Acadia Parish,LA,22001
Accomack County,VA,51001
Ada County,ID,16001
Adair County,IA,19001
Adair County,KY,21001
Adair County,MO,29001
Adair County,OK,40001
Adams County,CO,08001
Adams County,ID,16003
Adams County,IL,17001
Adams County,IN,18001
Adams County,IA,19003
Adams County,MS,28001
Adams County,NE,31001
Adams County,ND,38001
Adams County,PA,42001
Adams County,WA,53001
Adams County,OH,39001
Adams County,WI,55001
Addison County,VT,50001
Adjuntas Municipio,PR,72001
Aguada Municipio,PR,72003
Aguadilla Municipio,PR,72005
Aguas Buenas Municipio,PR,72007
Aibonito Municipio,PR,72009
Aiken County,SC,45003
Ailinginae,MH,68007
Ailinglaplap,MH,68010
Ailuk,MH,68030
Aimeliik,PW,70002
Airai,PW,70004
Aitkin County,MN,27001
Alachua County,FL,12001
Alamance County,NC,37001
Alameda County,CA,06001
Alamosa County,CO,08003
Albany County,NY,36001
Albany County,WY,56001
Albemarle County,VA,51003
Alcona County,MI,26001
Alcorn County,MS,28003
Aleutians East Borough,AK,02013
Aleutians West Census Area,AK,02016
Alexander County,IL,17003
Alexander County,NC,37003
Alexandria city,VA,51510
Alfalfa County,OK,40003
Alger County,MI,26003
Allamakee County,IA,19005
Allegan County,MI,26005
Allegany County,MD,24001
Allegany County,NY,36003
Alleghany County,NC,37005
Alleghany County,VA,51005
Allegheny County,PA,42003
Allen County,IN,18003
Allen County,KS,20001
Allen County,KY,21003
Allen County,OH,39003
Allen Parish,LA,22003
Allendale County,SC,45005
Alpena County,MI,26007
Alpine County,CA,06003
Amador County,CA,06005
Amelia County,VA,51007
Amherst County,VA,51009
Amite County,MS,28005
Añasco Municipio,PR,72011
Anchorage Municipality,AK,02020
Anderson County,KS,20003
Anderson County,KY,21005
Anderson County,SC,45007
Anderson County,TN,47001
Anderson County,TX,48001
Andrew County,MO,29003
Andrews County,TX,48003
Androscoggin County,ME,23001
Angaur,PW,70010
Angelina County,TX,48005
Anne Arundel County,MD,24003
Anoka County,MN,27003
Anson County,NC,37007
Antelope County,NE,31003
Antrim County,MI,26009
Apache County,AZ,04001
Appanoose County,IA,19007
Appling County,GA,13001
Appomattox County,VA,51011
Aransas County,TX,48007
Arapahoe County,CO,08005
Archer County,TX,48009
Archuleta County,CO,08007
Arecibo Municipio,PR,72013
Arenac County,MI,26011
Arkansas County,AR,05001
Arlington County,VA,51013
Armstrong County,PA,42005
Armstrong County,TX,48011
Arno,MH,68040
Aroostook County,ME,23003
Arroyo Municipio,PR,72015
Arthur County,NE,31005
Ascension Parish,LA,22005
Ashe County,NC,37009
Ashland County,OH,39005
Ashland County,WI,55003
Ashley County,AR,05003
Ashtabula County,OH,39007
Asotin County,WA,53003
Assumption Parish,LA,22007
Atascosa County,TX,48013
Atchison County,KS,20005
Atchison County,MO,29005
Athens County,OH,39009
Atkinson County,GA,13003
Atlantic County,NJ,34001
Atoka County,OK,40005
Attala County,MS,28007
Audrain County,MO,29007
Audubon County,IA,19009
Auglaize County,OH,39011
Augusta County,VA,51015
Aur,MH,68050
Aurora County,SD,46003
Austin County,TX,48015
Autauga County,AL,01001
Avery County,NC,37011
Avoyelles Parish,LA,22009
Baca County,CO,08009
Bacon County,GA,13005
Bailey County,TX,48017
Baker County,FL,12003
Baker County,GA,13007
Baker County,OR,41001
Baker Island,UM,74050
Baldwin County,AL,01003
Baldwin County,GA,13009
Ballard County,KY,21007
Baltimore city,MD,24510
Baltimore County,MD,24005
Bamberg County,SC,45009
Bandera County,TX,48019
Banks County,GA,13011
Banner County,NE,31007
Bannock County,ID,16005
Baraga County,MI,26013
Barber County,KS,20007
Barbour County,AL,01005
Barbour County,WV,54001
Barceloneta Municipio,PR,72017
Barnes County,ND,38003
Barnstable County,MA,25001
Barnwell County,SC,45011
Barranquitas Municipio,PR,72019
Barren County,KY,21009
Barron County,WI,55005
Barrow County,GA,13013
Barry County,MI,26015
Barry County,MO,29009
Bartholomew County,IN,18005
Barton County,KS,20009
Barton County,MO,29011
Bartow County,GA,13015
Bastrop County,TX,48021
Bates County,MO,29013
Bath County,KY,21011
Bath County,VA,51017
Baxter County,AR,05005
Bay County,FL,12005
Bay County,MI,26017
Bayamón Municipio,PR,72021
Bayfield County,WI,55007
Baylor County,TX,48023
Beadle County,SD,46005
Bear Lake County,ID,16007
Beaufort County,NC,37013
Beaufort County,SC,45013
Beauregard Parish,LA,22011
Beaver County,OK,40007
Beaver County,PA,42007
Beaver County,UT,49001
Beaverhead County,MT,30001
Becker County,MN,27005
Beckham County,OK,40009
Bedford County,PA,42009
Bedford County,TN,47003
Bedford County,VA,51019
Bee County,TX,48025
Belknap County,NH,33001
Bell County,KY,21013
Bell County,TX,48027
Belmont County,OH,39013
Beltrami County,MN,27007
Ben Hill County,GA,13017
Benewah County,ID,16009
Bennett County,SD,46007
Bennington County,VT,50003
Benson County,ND,38005
Bent County,CO,08011
Benton County,AR,05007
Benton County,IN,18007
Benton County,IA,19011
Benton County,MN,27009
Benton County,MS,28009
Benton County,MO,29015
Benton County,OR,41003
Benton County,TN,47005
Benton County,WA,53005
Benzie County,MI,26019
Bergen County,NJ,34003
Berkeley County,SC,45015
Berkeley County,WV,54003
Berks County,PA,42011
Berkshire County,MA,25003
Bernalillo County,NM,35001
Berrien County,GA,13019
Berrien County,MI,26021
Bertie County,NC,37015
Bethel Census Area,AK,02050
Bexar County,TX,48029
Bibb County,AL,01007
Bibb County,GA,13021
Bienville Parish,LA,22013
Big Horn County,MT,30003
Big Horn County,WY,56003
Big Stone County,MN,27011
Bikar,MH,68060
Bikini,MH,68070
Billings County,ND,38007
Bingham County,ID,16011
Black Hawk County,IA,19013
Blackford County,IN,18009
Bladen County,NC,37017
Blaine County,ID,16013
Blaine County,MT,30005
Blaine County,NE,31009
Blaine County,OK,40011
Blair County,PA,42013
Blanco County,TX,48031
Bland County,VA,51021
Bleckley County,GA,13023
Bledsoe County,TN,47007
Blount County,AL,01009
Blount County,TN,47009
Blue Earth County,MN,27013
Boise County,ID,16015
Bokak,MH,68073
Bolivar County,MS,28011
Bollinger County,MO,29017
Bon Homme County,SD,46009
Bond County,IL,17005
Bonner County,ID,16017
Bonneville County,ID,16019
Boone County,AR,05009
Boone County,IL,17007
Boone County,IN,18011
Boone County,IA,19015
Boone County,KY,21015
Boone County,MO,29019
Boone County,NE,31011
Boone County,WV,54005
Borden County,TX,48033
Bosque County,TX,48035
Bossier Parish,LA,22015
Botetourt County,VA,51023
Bottineau County,ND,38009
Boulder County,CO,08013
Boundary County,ID,16021
Bourbon County,KS,20011
Bourbon County,KY,21017
Bowie County,TX,48037
Bowman County,ND,38011
Box Butte County,NE,31013
Box Elder County,UT,49003
Boyd County,KY,21019
Boyd County,NE,31015
Boyle County,KY,21021
Bracken County,KY,21023
Bradford County,FL,12007
Bradford County,PA,42015
Bradley County,AR,05011
Bradley County,TN,47011
Branch County,MI,26023
Brantley County,GA,13025
Braxton County,WV,54007
Brazoria County,TX,48039
Brazos County,TX,48041
Breathitt County,KY,21025
Breckinridge County,KY,21027
Bremer County,IA,19017
Brevard County,FL,12009
Brewster County,TX,48043
Briscoe County,TX,48045
Bristol Bay Borough,AK,02060
Bristol city,VA,51520
Bristol County,MA,25005
Bristol County,RI,44001
Broadwater County,MT,30007
Bronx County,NY,36005
Brooke County,WV,54009
Brookings County,SD,46011
Brooks County,GA,13027
Brooks County,TX,48047
Broome County,NY,36007
Broomfield County,CO,08014
Broward County,FL,12011
Brown County,IL,17009
Brown County,IN,18013
Brown County,KS,20013
Brown County,MN,27015
Brown County,NE,31017
Brown County,OH,39015
Brown County,SD,46013
Brown County,TX,48049
Brown County,WI,55009
Brule County,SD,46015
Brunswick County,NC,37019
Brunswick County,VA,51025
Bryan County,GA,13029
Bryan County,OK,40013
Buchanan County,IA,19019
Buchanan County,MO,29021
Buchanan County,VA,51027
Buckingham County,VA,51029
Bucks County,PA,42017
Buena Vista city,VA,51530
Buena Vista County,IA,19021
Buffalo County,NE,31019
Buffalo County,SD,46017
Buffalo County,WI,55011
Bullitt County,KY,21029
Bulloch County,GA,13031
Bullock County,AL,01011
Buncombe County,NC,37021
Bureau County,IL,17011
Burke County,GA,13033
Burke County,NC,37023
Burke County,ND,38013
Burleigh County,ND,38015
Burleson County,TX,48051
Burlington County,NJ,34005
Burnet County,TX,48053
Burnett County,WI,55013
Burt County,NE,31021
Butler County,AL,01013
Butler County,IA,19023
Butler County,KS,20015
Butler County,KY,21031
Butler County,MO,29023
Butler County,NE,31023
Butler County,OH,39017
Butler County,PA,42019
Butte County,CA,06007
Butte County,ID,16023
Butte County,SD,46019
Butts County,GA,13035
Cabarrus County,NC,37025
Cabell County,WV,54011
Cabo Rojo Municipio,PR,72023
Cache County,UT,49005
Caddo County,OK,40015
Caddo Parish,LA,22017
Caguas Municipio,PR,72025
Calaveras County,CA,06009
Calcasieu Parish,LA,22019
Caldwell County,KY,21033
Caldwell County,MO,29025
Caldwell County,NC,37027
Caldwell County,TX,48055
Caldwell Parish,LA,22021
Caledonia County,VT,50005
Calhoun County,AL,01015
Calhoun County,AR,05013
Calhoun County,FL,12013
Calhoun County,GA,13037
Calhoun County,IL,17013
Calhoun County,IA,19025
Calhoun County,MI,26025
Calhoun County,MS,28013
Calhoun County,SC,45017
Calhoun County,TX,48057
Calhoun County,WV,54013
Callahan County,TX,48059
Callaway County,MO,29027
Calloway County,KY,21035
Calumet County,WI,55015
Calvert County,MD,24009
Camas County,ID,16025
Cambria County,PA,42021
Camden County,GA,13039
Camden County,MO,29029
Camden County,NJ,34007
Camden County,NC,37029
Cameron County,PA,42023
Cameron County,TX,48061
Cameron Parish,LA,22023
Camp County,TX,48063
Campbell County,KY,21037
Campbell County,SD,46021
Campbell County,TN,47013
Campbell County,VA,51031
Campbell County,WY,56005
Camuy Municipio,PR,72027
Canadian County,OK,40017
Candler County,GA,13043
Cannon County,TN,47015
Canóvanas Municipio,PR,72029
Canyon County,ID,16027
Cape Girardeau County,MO,29031
Cape May County,NJ,34009
Capitol Planning Region,CT,09110
Carbon County,MT,30009
Carbon County,PA,42025
Carbon County,UT,49007
Carbon County,WY,56007
Caribou County,ID,16029
Carlisle County,KY,21039
Carlton County,MN,27017
Carolina Municipio,PR,72031
Caroline County,MD,24011
Caroline County,VA,51033
Carroll County,AR,05015
Carroll County,GA,13045
Carroll County,IL,17015
Carroll County,IN,18015
Carroll County,IA,19027
Carroll County,KY,21041
Carroll County,MD,24013
Carroll County,MS,28015
Carroll County,MO,29033
Carroll County,NH,33003
Carroll County,OH,39019
Carroll County,TN,47017
Carroll County,VA,51035
Carson City,NV,32510
Carson County,TX,48065
Carter County,KY,21043
Carter County,MO,29035
Carter County,MT,30011
Carter County,OK,40019
Carter County,TN,47019
Carteret County,NC,37031
Carver County,MN,27019
Cascade County,MT,30013
Casey County,KY,21045
Cass County,IL,17017
Cass County,IN,18017
Cass County,IA,19029
Cass County,MI,26027
Cass County,MN,27021
Cass County,MO,29037
Cass County,NE,31025
Cass County,ND,38017
Cass County,TX,48067
Cassia County,ID,16031
Castro County,TX,48069
Caswell County,NC,37033
Catahoula Parish,LA,22025
Cataño Municipio,PR,72033
Catawba County,NC,37035
Catoosa County,GA,13047
Catron County,NM,35003
Cattaraugus County,NY,36009
Cavalier County,ND,38019
Cayey Municipio,PR,72035
Cayuga County,NY,36011
Cecil County,MD,24015
Cedar County,IA,19031
Cedar County,MO,29039
Cedar County,NE,31027
Ceiba Municipio,PR,72037
Centre County,PA,42027
Cerro Gordo County,IA,19033
Chaffee County,CO,08015
Chambers County,AL,01017
Chambers County,TX,48071
Champaign County,IL,17019
Champaign County,OH,39021
Chariton County,MO,29041
Charles City County,VA,51036
Charles County,MD,24017
Charles Mix County,SD,46023
Charleston County,SC,45019
Charlevoix County,MI,26029
Charlotte County,FL,12015
Charlotte County,VA,51037
Charlottesville city,VA,51540
Charlton County,GA,13049
Chase County,KS,20017
Chase County,NE,31029
Chatham County,GA,13051
Chatham County,NC,37037
Chattahoochee County,GA,13053
Chattooga County,GA,13055
Chautauqua County,KS,20019
Chautauqua County,NY,36013
Chaves County,NM,35005
Cheatham County,TN,47021
Cheboygan County,MI,26031
Chelan County,WA,53007
Chemung County,NY,36015
Chenango County,NY,36017
Cherokee County,AL,01019
Cherokee County,GA,13057
Cherokee County,IA,19035
Cherokee County,KS,20021
Cherokee County,NC,37039
Cherokee County,OK,40021
Cherokee County,SC,45021
Cherokee County,TX,48073
Cherry County,NE,31031
Chesapeake city,VA,51550
Cheshire County,NH,33005
Chester County,PA,42029
Chester County,SC,45023
Chester County,TN,47023
Chesterfield County,SC,45025
Chesterfield County,VA,51041
Cheyenne County,CO,08017
Cheyenne County,KS,20023
Cheyenne County,NE,31033
Chickasaw County,IA,19037
Chickasaw County,MS,28017
Chicot County,AR,05017
Childress County,TX,48075
Chilton County,AL,01021
Chippewa County,MI,26033
Chippewa County,MN,27023
Chippewa County,WI,55017
Chisago County,MN,27025
Chittenden County,VT,50007
Choctaw County,AL,01023
Choctaw County,MS,28019
Choctaw County,OK,40023
Chouteau County,MT,30015
Chowan County,NC,37041
Christian County,IL,17021
Christian County,KY,21047
Christian County,MO,29043
Chugach Census Area,AK,02063
Churchill County,NV,32001
Chuuk,FM,64002
Ciales Municipio,PR,72039
Cibola County,NM,35006
Cidra Municipio,PR,72041
Cimarron County,OK,40025
Citrus County,FL,12017
Clackamas County,OR,41005
Claiborne County,MS,28021
Claiborne County,TN,47025
Claiborne Parish,LA,22027
Clallam County,WA,53009
Clare County,MI,26035
Clarendon County,SC,45027
Clarion County,PA,42031
Clark County,AR,05019
Clark County,ID,16033
Clark County,IL,17023
Clark County,IN,18019
Clark County,KS,20025
Clark County,KY,21049
Clark County,MO,29045
Clark County,NV,32003
Clark County,OH,39023
Clark County,SD,46025
Clark County,WA,53011
Clark County,WI,55019
Clarke County,AL,01025
Clarke County,GA,13059
Clarke County,IA,19039
Clarke County,MS,28023
Clarke County,VA,51043
Clatsop County,OR,41007
Clay County,AL,01027
Clay County,AR,05021
Clay County,FL,12019
Clay County,GA,13061
Clay County,IL,17025
Clay County,IN,18021
Clay County,IA,19041
Clay County,KS,20027
Clay County,KY,21051
Clay County,MN,27027
Clay County,MS,28025
Clay County,MO,29047
Clay County,NE,31035
Clay County,NC,37043
Clay County,SD,46027
Clay County,TN,47027
Clay County,TX,48077
Clay County,WV,54015
Clayton County,GA,13063
Clayton County,IA,19043
Clear Creek County,CO,08019
Clearfield County,PA,42033
Clearwater County,ID,16035
Clearwater County,MN,27029
Cleburne County,AL,01029
Cleburne County,AR,05023
Clermont County,OH,39025
Cleveland County,AR,05025
Cleveland County,NC,37045
Cleveland County,OK,40027
Clinch County,GA,13065
Clinton County,IL,17027
Clinton County,IN,18023
Clinton County,IA,19045
Clinton County,KY,21053
Clinton County,MI,26037
Clinton County,MO,29049
Clinton County,NY,36019
Clinton County,OH,39027
Clinton County,PA,42035
Cloud County,KS,20029
Coal County,OK,40029
Coahoma County,MS,28027
Coamo Municipio,PR,72043
Cobb County,GA,13067
Cochise County,AZ,04003
Cochran County,TX,48079
Cocke County,TN,47029
Coconino County,AZ,04005
Codington County,SD,46029
Coffee County,AL,01031
Coffee County,GA,13069
Coffee County,TN,47031
Coffey County,KS,20031
Coke County,TX,48081
Colbert County,AL,01033
Cole County,MO,29051
Coleman County,TX,48083
Coles County,IL,17029
Colfax County,NE,31037
Colfax County,NM,35007
Colleton County,SC,45029
Collier County,FL,12021
Collin County,TX,48085
Collingsworth County,TX,48087
Colonial Heights city,VA,51570
Colorado County,TX,48089
Colquitt County,GA,13071
Columbia County,AR,05027
Columbia County,FL,12023
Columbia County,GA,13073
Columbia County,NY,36021
Columbia County,OR,41009
Columbia County,PA,42037
Columbia County,WA,53013
Columbia County,WI,55021
Columbiana County,OH,39029
Columbus County,NC,37047
Colusa County,CA,06011
Comal County,TX,48091
Comanche County,KS,20033
Comanche County,OK,40031
Comanche County,TX,48093
Comerío Municipio,PR,72045
Concho County,TX,48095
Concordia Parish,LA,22029
Conecuh County,AL,01035
Conejos County,CO,08021
Contra Costa County,CA,06013
Converse County,WY,56009
Conway County,AR,05029
Cook County,GA,13075
Cook County,IL,17031
Cook County,MN,27031
Cooke County,TX,48097
Cooper County,MO,29053
Coos County,NH,33007
Coos County,OR,41011
Coosa County,AL,01037
Copiah County,MS,28029
Copper River Census Area,AK,02066
Corozal Municipio,PR,72047
Corson County,SD,46031
Cortland County,NY,36023
Coryell County,TX,48099
Coshocton County,OH,39031
Costilla County,CO,08023
Cottle County,TX,48101
Cotton County,OK,40033
Cottonwood County,MN,27033
Covington city,VA,51580
Covington County,AL,01039
Covington County,MS,28031
Coweta County,GA,13077
Cowley County,KS,20035
Cowlitz County,WA,53015
Craig County,OK,40035
Craig County,VA,51045
Craighead County,AR,05031
Crane County,TX,48103
Craven County,NC,37049
Crawford County,AR,05033
Crawford County,GA,13079
Crawford County,IL,17033
Crawford County,IN,18025
Crawford County,IA,19047
Crawford County,KS,20037
Crawford County,MI,26039
Crawford County,MO,29055
Crawford County,OH,39033
Crawford County,PA,42039
Crawford County,WI,55023
Creek County,OK,40037
Crenshaw County,AL,01041
Crisp County,GA,13081
Crittenden County,AR,05035
Crittenden County,KY,21055
Crockett County,TN,47033
Crockett County,TX,48105
Crook County,OR,41013
Crook County,WY,56011
Crosby County,TX,48107
Cross County,AR,05037
Crow Wing County,MN,27035
Crowley County,CO,08025
Culberson County,TX,48109
Culebra Municipio,PR,72049
Cullman County,AL,01043
Culpeper County,VA,51047
Cumberland County,IL,17035
Cumberland County,KY,21057
Cumberland County,ME,23005
Cumberland County,NJ,34011
Cumberland County,NC,37051
Cumberland County,PA,42041
Cumberland County,TN,47035
Cumberland County,VA,51049
Cuming County,NE,31039
Currituck County,NC,37053
Curry County,NM,35009
Curry County,OR,41015
Custer County,CO,08027
Custer County,ID,16037
Custer County,MT,30017
Custer County,NE,31041
Custer County,OK,40039
Custer County,SD,46033
Cuyahoga County,OH,39035
Dade County,GA,13083
Dade County,MO,29057
Daggett County,UT,49009
Dakota County,MN,27037
Dakota County,NE,31043
Dale County,AL,01045
Dallam County,TX,48111
Dallas County,AL,01047
Dallas County,AR,05039
Dallas County,IA,19049
Dallas County,MO,29059
Dallas County,TX,48113
Dane County,WI,55025
Daniels County,MT,30019
Danville city,VA,51590
Dare County,NC,37055
Darke County,OH,39037
Darlington County,SC,45031
Dauphin County,PA,42043
Davidson County,NC,37057
Davidson County,TN,47037
Davie County,NC,37059
Daviess County,IN,18027
Daviess County,KY,21059
Daviess County,MO,29061
Davis County,IA,19051
Davis County,UT,49011
Davison County,SD,46035
Dawes County,NE,31045
Dawson County,GA,13085
Dawson County,MT,30021
Dawson County,NE,31047
Dawson County,TX,48115
Day County,SD,46037
De Baca County,NM,35011
De Soto Parish,LA,22031
De Witt County,IL,17039
Deaf Smith County,TX,48117
Dearborn County,IN,18029
Decatur County,GA,13087
Decatur County,IN,18031
Decatur County,IA,19053
Decatur County,KS,20039
Decatur County,TN,47039
Deer Lodge County,MT,30023
Defiance County,OH,39039
DeKalb County,AL,01049
DeKalb County,GA,13089
DeKalb County,IL,17037
DeKalb County,IN,18033
DeKalb County,MO,29063
DeKalb County,TN,47041
Del Norte County,CA,06015
Delaware County,IN,18035
Delaware County,IA,19055
Delaware County,NY,36025
Delaware County,OH,39041
Delaware County,OK,40041
Delaware County,PA,42045
Delta County,CO,08029
Delta County,MI,26041
Delta County,TX,48119
Denali Borough,AK,02068
Dent County,MO,29065
Denton County,TX,48121
Denver County,CO,08031
Des Moines County,IA,19057
Deschutes County,OR,41017
Desha County,AR,05041
DeSoto County,FL,12027
DeSoto County,MS,28033
Deuel County,NE,31049
Deuel County,SD,46039
Dewey County,OK,40043
Dewey County,SD,46041
DeWitt County,TX,48123
Dickens County,TX,48125
Dickenson County,VA,51051
Dickey County,ND,38021
Dickinson County,IA,19059
Dickinson County,KS,20041
Dickinson County,MI,26043
Dickson County,TN,47043
Dillingham Census Area,AK,02070
Dillon County,SC,45033
Dimmit County,TX,48127
Dinwiddie County,VA,51053
District of Columbia,DC,11001
Divide County,ND,38023
Dixie County,FL,12029
Dixon County,NE,31051
Doddridge County,WV,54017
Dodge County,GA,13091
Dodge County,MN,27039
Dodge County,NE,31053
Dodge County,WI,55027
Dolores County,CO,08033
Doña Ana County,NM,35013
Doniphan County,KS,20043
Donley County,TX,48129
Dooly County,GA,13093
Door County,WI,55029
Dorado Municipio,PR,72051
Dorchester County,MD,24019
Dorchester County,SC,45035
Dougherty County,GA,13095
Douglas County,CO,08035
Douglas County,GA,13097
Douglas County,IL,17041
Douglas County,KS,20045
Douglas County,MN,27041
Douglas County,MO,29067
Douglas County,NE,31055
Douglas County,NV,32005
Douglas County,OR,41019
Douglas County,SD,46043
Douglas County,WA,53017
Douglas County,WI,55031
Drew County,AR,05043
Dubois County,IN,18037
Dubuque County,IA,19061
Duchesne County,UT,49013
Dukes County,MA,25007
Dundy County,NE,31057
Dunklin County,MO,29069
Dunn County,ND,38025
Dunn County,WI,55033
DuPage County,IL,17043
Duplin County,NC,37061
Durham County,NC,37063
Dutchess County,NY,36027
Duval County,FL,12031
Duval County,TX,48131
Dyer County,TN,47045
Eagle County,CO,08037
Early County,GA,13099
East Baton Rouge Parish,LA,22033
East Carroll Parish,LA,22035
East Feliciana Parish,LA,22037
Eastern District,AS,60010
Eastland County,TX,48133
Eaton County,MI,26045
Eau Claire County,WI,55035
Ebon,MH,68080
Echols County,GA,13101
Ector County,TX,48135
Eddy County,NM,35015
Eddy County,ND,38027
Edgar County,IL,17045
Edgecombe County,NC,37065
Edgefield County,SC,45037
Edmonson County,KY,21061
Edmunds County,SD,46045
Edwards County,IL,17047
Edwards County,KS,20047
Edwards County,TX,48137
Effingham County,GA,13103
Effingham County,IL,17049
El Dorado County,CA,06017
El Paso County,CO,08041
El Paso County,TX,48141
Elbert County,CO,08039
Elbert County,GA,13105
Elk County,KS,20049
Elk County,PA,42047
Elkhart County,IN,18039
Elko County,NV,32007
Elliott County,KY,21063
Ellis County,KS,20051
Ellis County,OK,40045
Ellis County,TX,48139
Ellsworth County,KS,20053
Elmore County,AL,01051
Elmore County,ID,16039
Emanuel County,GA,13107
Emery County,UT,49015
Emmet County,IA,19063
Emmet County,MI,26047
Emmons County,ND,38029
Emporia city,VA,51595
Enewatak,MH,68090
Erath County,TX,48143
Erie County,NY,36029
Erie County,PA,42049
Erie County,OH,39043
Erikub,MH,68100
Escambia County,AL,01053
Escambia County,FL,12033
Esmeralda County,NV,32009
Essex County,MA,25009
Essex County,NJ,34013
Essex County,NY,36031
Essex County,VT,50009
Essex County,VA,51057
Estill County,KY,21065
Etowah County,AL,01055
Eureka County,NV,32011
Evangeline Parish,LA,22039
Evans County,GA,13109
Fairbanks North Star Borough,AK,02090
Fairfax city,VA,51600
Fairfax County,VA,51059
Fairfield County,OH,39045
Fairfield County,SC,45039
Fajardo Municipio,PR,72053
Fall River County,SD,46047
Fallon County,MT,30025
Falls Church city,VA,51610
Falls County,TX,48145
Fannin County,GA,13111
Fannin County,TX,48147
Faribault County,MN,27043
Faulk County,SD,46049
Faulkner County,AR,05045
Fauquier County,VA,51061
Fayette County,AL,01057
Fayette County,GA,13113
Fayette County,IL,17051
Fayette County,IN,18041
Fayette County,IA,19065
Fayette County,OH,39047
Fayette County,KY,21067
Fayette County,PA,42051
Fayette County,TX,48149
Fayette County,TN,47047
Fayette County,WV,54019
Fentress County,TN,47049
Fergus County,MT,30027
Ferry County,WA,53019
Fillmore County,MN,27045
Fillmore County,NE,31059
Finney County,KS,20055
Fisher County,TX,48151
Flagler County,FL,12035
Flathead County,MT,30029
Fleming County,KY,21069
Florence County,SC,45041
Florence County,WI,55037
Florida Municipio,PR,72054
Floyd County,GA,13115
Floyd County,IN,18043
Floyd County,IA,19067
Floyd County,KY,21071
Floyd County,TX,48153
Floyd County,VA,51063
Fluvanna County,VA,51065
Foard County,TX,48155
Fond du Lac County,WI,55039
Ford County,IL,17053
Ford County,KS,20057
Forest County,PA,42053
Forest County,WI,55041
Forrest County,MS,28035
Forsyth County,GA,13117
Forsyth County,NC,37067
Fort Bend County,TX,48157
Foster County,ND,38031
Fountain County,IN,18045
Franklin city,VA,51620
Franklin County,AL,01059
Franklin County,AR,05047
Franklin County,FL,12037
Franklin County,GA,13119
Franklin County,ID,16041
Franklin County,IL,17055
Franklin County,IN,18047
Franklin County,IA,19069
Franklin County,KS,20059
Franklin County,KY,21073
Franklin County,ME,23007
Franklin County,MA,25011
Franklin County,MS,28037
Franklin County,MO,29071
Franklin County,NE,31061
Franklin County,NY,36033
Franklin County,NC,37069
Franklin County,OH,39049
Franklin County,PA,42055
Franklin County,TN,47051
Franklin County,TX,48159
Franklin County,VT,50011
Franklin County,VA,51067
Franklin County,WA,53021
Franklin Parish,LA,22041
Frederick County,MD,24021
Frederick County,VA,51069
Fredericksburg city,VA,51630
Freeborn County,MN,27047
Freestone County,TX,48161
Fremont County,CO,08043
Fremont County,ID,16043
Fremont County,IA,19071
Fremont County,WY,56013
Fresno County,CA,06019
Frio County,TX,48163
Frontier County,NE,31063
Fulton County,AR,05049
Fulton County,GA,13121
Fulton County,IL,17057
Fulton County,IN,18049
Fulton County,KY,21075
Fulton County,NY,36035
Fulton County,OH,39051
Fulton County,PA,42057
Furnas County,NE,31065
Gadsden County,FL,12039
Gage County,NE,31067
Gaines County,TX,48165
Galax city,VA,51640
Gallatin County,IL,17059
Gallatin County,KY,21077
Gallatin County,MT,30031
Gallia County,OH,39053
Galveston County,TX,48167
Garden County,NE,31069
Garfield County,CO,08045
Garfield County,MT,30033
Garfield County,NE,31071
Garfield County,OK,40047
Garfield County,UT,49017
Garfield County,WA,53023
Garland County,AR,05051
Garrard County,KY,21079
Garrett County,MD,24023
Garvin County,OK,40049
Garza County,TX,48169
Gasconade County,MO,29073
Gaston County,NC,37071
Gates County,NC,37073
Geary County,KS,20061
Geauga County,OH,39055
Gem County,ID,16045
Genesee County,MI,26049
Genesee County,NY,36037
Geneva County,AL,01061
Gentry County,MO,29075
George County,MS,28039
Georgetown County,SC,45043
Gibson County,IN,18051
Gibson County,TN,47053
Gila County,AZ,04007
Gilchrist County,FL,12041
Giles County,TN,47055
Giles County,VA,51071
Gillespie County,TX,48171
Gilliam County,OR,41021
Gilmer County,GA,13123
Gilmer County,WV,54021
Gilpin County,CO,08047
Glacier County,MT,30035
Glades County,FL,12043
Gladwin County,MI,26051
Glascock County,GA,13125
Glasscock County,TX,48173
Glenn County,CA,06021
Gloucester County,NJ,34015
Gloucester County,VA,51073
Glynn County,GA,13127
Gogebic County,MI,26053
Golden Valley County,MT,30037
Golden Valley County,ND,38033
Goliad County,TX,48175
Gonzales County,TX,48177
Goochland County,VA,51075
Goodhue County,MN,27049
Gooding County,ID,16047
Gordon County,GA,13129
Goshen County,WY,56015
Gosper County,NE,31073
Gove County,KS,20063
Grady County,GA,13131
Grady County,OK,40051
Grafton County,NH,33009
Graham County,AZ,04009
Graham County,KS,20065
Graham County,NC,37075
Grainger County,TN,47057
Grand County,CO,08049
Grand County,UT,49019
Grand Forks County,ND,38035
Grand Isle County,VT,50013
Grand Traverse County,MI,26055
Granite County,MT,30039
Grant County,AR,05053
Grant County,IN,18053
Grant County,KS,20067
Grant County,KY,21081
Grant County,MN,27051
Grant County,NE,31075
Grant County,NM,35017
Grant County,ND,38037
Grant County,OK,40053
Grant County,OR,41023
Grant County,SD,46051
Grant County,WA,53025
Grant County,WV,54023
Grant County,WI,55043
Grant Parish,LA,22043
Granville County,NC,37077
Gratiot County,MI,26057
Graves County,KY,21083
Gray County,KS,20069
Gray County,TX,48179
Grays Harbor County,WA,53027
Grayson County,KY,21085
Grayson County,TX,48181
Grayson County,VA,51077
Greater Bridgeport Planning Region,CT,09120
Greeley County,KS,20071
Greeley County,NE,31077
Green County,KY,21087
Green County,WI,55045
Green Lake County,WI,55047
Greenbrier County,WV,54025
Greene County,AL,01063
Greene County,AR,05055
Greene County,GA,13133
Greene County,IL,17061
Greene County,IN,18055
Greene County,IA,19073
Greene County,MS,28041
Greene County,MO,29077
Greene County,NY,36039
Greene County,NC,37079
Greene County,OH,39057
Greene County,PA,42059
Greene County,TN,47059
Greene County,VA,51079
Greenlee County,AZ,04011
Greensville County,VA,51081
Greenup County,KY,21089
Greenville County,SC,45045
Greenwood County,KS,20073
Greenwood County,SC,45047
Greer County,OK,40055
Gregg County,TX,48183
Gregory County,SD,46053
Grenada County,MS,28043
Griggs County,ND,38039
Grimes County,TX,48185
Grundy County,IL,17063
Grundy County,IA,19075
Grundy County,MO,29079
Grundy County,TN,47061
Guadalupe County,NM,35019
Guadalupe County,TX,48187
Guam,GU,66010
Guánica Municipio,PR,72055
Guayama Municipio,PR,72057
Guayanilla Municipio,PR,72059
Guaynabo Municipio,PR,72061
Guernsey County,OH,39059
Guilford County,NC,37081
Gulf County,FL,12045
Gunnison County,CO,08051
Gurabo Municipio,PR,72063
Guthrie County,IA,19077
Gwinnett County,GA,13135
Haakon County,SD,46055
Habersham County,GA,13137
Haines Borough,AK,02100
Hale County,AL,01065
Hale County,TX,48189
Halifax County,NC,37083
Halifax County,VA,51083
Hall County,GA,13139
Hall County,NE,31079
Hall County,TX,48191
Hamblen County,TN,47063
Hamilton County,FL,12047
Hamilton County,IL,17065
Hamilton County,IN,18057
Hamilton County,IA,19079
Hamilton County,KS,20075
Hamilton County,NE,31081
Hamilton County,NY,36041
Hamilton County,OH,39061
Hamilton County,TN,47065
Hamilton County,TX,48193
Hamlin County,SD,46057
Hampden County,MA,25013
Hampshire County,MA,25015
Hampshire County,WV,54027
Hampton city,VA,51650
Hampton County,SC,45049
Hancock County,GA,13141
Hancock County,IL,17067
Hancock County,IN,18059
Hancock County,IA,19081
Hancock County,KY,21091
Hancock County,ME,23009
Hancock County,MS,28045
Hancock County,OH,39063
Hancock County,TN,47067
Hancock County,WV,54029
Hand County,SD,46059
Hanover County,VA,51085
Hansford County,TX,48195
Hanson County,SD,46061
Haralson County,GA,13143
Hardee County,FL,12049
Hardeman County,TN,47069
Hardeman County,TX,48197
Hardin County,IL,17069
Hardin County,IA,19083
Hardin County,KY,21093
Hardin County,OH,39065
Hardin County,TN,47071
Hardin County,TX,48199
Harding County,NM,35021
Harding County,SD,46063
Hardy County,WV,54031
Harford County,MD,24025
Harlan County,KY,21095
Harlan County,NE,31083
Harmon County,OK,40057
Harnett County,NC,37085
Harney County,OR,41025
Harper County,KS,20077
Harper County,OK,40059
Harris County,GA,13145
Harris County,TX,48201
Harrison County,IN,18061
Harrison County,IA,19085
Harrison County,KY,21097
Harrison County,MS,28047
Harrison County,MO,29081
Harrison County,OH,39067
Harrison County,TX,48203
Harrison County,WV,54033
Harrisonburg city,VA,51660
Hart County,GA,13147
Hart County,KY,21099
Hartley County,TX,48205
Harvey County,KS,20079
Haskell County,KS,20081
Haskell County,OK,40061
Haskell County,TX,48207
Hatillo Municipio,PR,72065
Hatobohei,PW,70050
Hawaii County,HI,15001
Hawkins County,TN,47073
Hayes County,NE,31085
Hays County,TX,48209
Haywood County,NC,37087
Haywood County,TN,47075
Heard County,GA,13149
Hemphill County,TX,48211
Hempstead County,AR,05057
Henderson County,IL,17071
Henderson County,KY,21101
Henderson County,NC,37089
Henderson County,TN,47077
Hendricks County,IN,18063
Henderson County,TX,48213
Hendry County,FL,12051
Hennepin County,MN,27053
Henrico County,VA,51087
Henry County,AL,01067
Henry County,GA,13151
Henry County,IL,17073
Henry County,IN,18065
Henry County,IA,19087
Henry County,KY,21103
Henry County,MO,29083
Henry County,OH,39069
Henry County,TN,47079
Henry County,VA,51089
Herkimer County,NY,36043
Hernando County,FL,12053
Hertford County,NC,37091
Hettinger County,ND,38041
Hickman County,KY,21105
Hickman County,TN,47081
Hickory County,MO,29085
Hidalgo County,NM,35023
Hidalgo County,TX,48215
Highland County,OH,39071
Highland County,VA,51091
Highlands County,FL,12055
Hill County,MT,30041
Hill County,TX,48217
Hillsborough County,FL,12057
Hillsborough County,NH,33011
Hillsdale County,MI,26059
Hinds County,MS,28049
Hinsdale County,CO,08053
Hitchcock County,NE,31087
Hocking County,OH,39073
Hockley County,TX,48219
Hodgeman County,KS,20083
Hoke County,NC,37093
Holmes County,FL,12059
Holmes County,MS,28051
Holmes County,OH,39075
Holt County,MO,29087
Holt County,NE,31089
Honolulu County,HI,15003
Hood County,TX,48221
Hood River County,OR,41027
Hooker County,NE,31091
Hoonah-Angoon Census Area,AK,02105
Hopewell city,VA,51670
Hopkins County,KY,21107
Hopkins County,TX,48223
Hormigueros Municipio,PR,72067
Horry County,SC,45051
Hot Spring County,AR,05059
Hot Springs County,WY,56017
Houghton County,MI,26061
Houston County,AL,01069
Houston County,GA,13153
Houston County,MN,27055
Houston County,TN,47083
Houston County,TX,48225
Howard County,AR,05061
Howard County,IN,18067
Howard County,IA,19089
Howard County,MD,24027
Howard County,MO,29089
Howard County,NE,31093
Howard County,TX,48227
Howell County,MO,29091
Howland Island,UM,74100
Hubbard County,MN,27057
Hudson County,NJ,34017
Hudspeth County,TX,48229
Huerfano County,CO,08055
Hughes County,OK,40063
Hughes County,SD,46065
Humacao Municipio,PR,72069
Humboldt County,CA,06023
Humboldt County,IA,19091
Humboldt County,NV,32013
Humphreys County,MS,28053
Humphreys County,TN,47085
Hunt County,TX,48231
Hunterdon County,NJ,34019
Huntingdon County,PA,42061
Huntington County,IN,18069
Huron County,MI,26063
Huron County,OH,39077
Hutchinson County,SD,46067
Hutchinson County,TX,48233
Hyde County,NC,37095
Hyde County,SD,46069
Iberia Parish,LA,22045
Iberville Parish,LA,22047
Ida County,IA,19093
Idaho County,ID,16049
Imperial County,CA,06025
Independence County,AR,05063
Indian River County,FL,12061
Indiana County,PA,42063
Ingham County,MI,26065
Inyo County,CA,06027
Ionia County,MI,26067
Iowa County,IA,19095
Iowa County,WI,55049
Iosco County,MI,26069
Iredell County,NC,37097
Irion County,TX,48235
Iron County,MI,26071
Iron County,MO,29093
Iron County,UT,49021
Iron County,WI,55051
Iroquois County,IL,17075
Irwin County,GA,13155
Isabela Municipio,PR,72071
Isabella County,MI,26073
Isanti County,MN,27059
Island County,WA,53029
Isle of Wight County,VA,51093
Issaquena County,MS,28055
Itasca County,MN,27061
Itawamba County,MS,28057
Izard County,AR,05065
Jabat,MH,68110
Jack County,TX,48237
Jackson County,AL,01071
Jackson County,AR,05067
Jackson County,CO,08057
Jackson County,FL,12063
Jackson County,GA,13157
Jackson County,IL,17077
Jackson County,IN,18071
Jackson County,IA,19097
Jackson County,KS,20085
Jackson County,KY,21109
Jackson County,MI,26075
Jackson County,MN,27063
Jackson County,MS,28059
Jackson County,MO,29095
Jackson County,NC,37099
Jackson County,OH,39079
Jackson County,OK,40065
Jackson County,OR,41029
Jackson County,SD,46071
Jackson County,TN,47087
Jackson County,TX,48239
Jackson County,WV,54035
Jackson County,WI,55053
Jackson Parish,LA,22049
Jaluit,MH,68120
James City County,VA,51095
Jarvis Island,UM,74150
Jasper County,GA,13159
Jasper County,IL,17079
Jasper County,IN,18073
Jasper County,IA,19099
Jasper County,MS,28061
Jasper County,MO,29097
Jasper County,SC,45053
Jasper County,TX,48241
Jay County,IN,18075
Jayuya Municipio,PR,72073
Jeff Davis County,GA,13161
Jeff Davis County,TX,48243
Jefferson County,AL,01073
Jefferson County,AR,05069
Jefferson County,CO,08059
Jefferson County,FL,12065
Jefferson County,GA,13163
Jefferson County,ID,16051
Jefferson County,IL,17081
Jefferson County,IN,18077
Jefferson County,IA,19101
Jefferson County,KS,20087
Jefferson County,KY,21111
Jefferson County,MS,28063
Jefferson County,MO,29099
Jefferson County,MT,30043
Jefferson County,NE,31095
Jefferson County,NY,36045
Jefferson County,OH,39081
Jefferson County,OK,40067
Jefferson County,OR,41031
Jefferson County,PA,42065
Jefferson County,TN,47089
Jefferson County,TX,48245
Jefferson County,WA,53031
Jefferson County,WV,54037
Jefferson County,WI,55055
Jefferson Davis County,MS,28065
Jefferson Davis Parish,LA,22053
Jefferson Parish,LA,22051
Jemo,MH,68130
Jenkins County,GA,13165
Jennings County,IN,18079
Jerauld County,SD,46073
Jerome County,ID,16053
Jersey County,IL,17083
Jessamine County,KY,21113
Jewell County,KS,20089
Jim Hogg County,TX,48247
Jim Wells County,TX,48249
Jo Daviess County,IL,17085
Johnson County,AR,05071
Johnson County,GA,13167
Johnson County,IL,17087
Johnson County,IN,18081
Johnson County,IA,19103
Johnson County,KS,20091
Johnson County,KY,21115
Johnson County,MO,29101
Johnson County,NE,31097
Johnson County,TN,47091
Johnson County,TX,48251
Johnson County,WY,56019
Johnston County,NC,37101
Johnston County,OK,40069
Johnston Island,UM,74200
Jones County,GA,13169
Jones County,IA,19105
Jones County,MS,28067
Jones County,NC,37103
Jones County,SD,46075
Jones County,TX,48253
Josephine County,OR,41033
Juab County,UT,49023
Juana Díaz Municipio,PR,72075
Judith Basin County,MT,30045
Juncos Municipio,PR,72077
Juneau City and Borough,AK,02110
Juneau County,WI,55057
Juniata County,PA,42067
Kalamazoo County,MI,26077
Kalawao County,HI,15005
Kalkaska County,MI,26079
Kanabec County,MN,27065
Kanawha County,WV,54039
Kandiyohi County,MN,27067
Kane County,IL,17089
Kane County,UT,49025
Kankakee County,IL,17091
Karnes County,TX,48255
Kauai County,HI,15007
Kaufman County,TX,48257
Kay County,OK,40071
Kayangel,PW,70100
Kearney County,NE,31099
Kearny County,KS,20093
Keith County,NE,31101
Kemper County,MS,28069
Kenai Peninsula Borough,AK,02122
Kendall County,IL,17093
Kendall County,TX,48259
Kenedy County,TX,48261
Kennebec County,ME,23011
Kenosha County,WI,55059
Kent County,DE,10001
Kent County,MD,24029
Kent County,MI,26081
Kent County,RI,44003
Kent County,TX,48263
Kenton County,KY,21117
Keokuk County,IA,19107
Kern County,CA,06029
Kerr County,TX,48265
Kershaw County,SC,45055
Ketchikan Gateway Borough,AK,02130
Kewaunee County,WI,55061
Keweenaw County,MI,26083
Keya Paha County,NE,31103
Kidder County,ND,38043
Kiki,MH,68140
Kimball County,NE,31105
Kimble County,TX,48267
King and Queen County,VA,51097
King County,TX,48269
King County,WA,53033
King George County,VA,51099
King William County,VA,51101
Kingfisher County,OK,40073
Kingman County,KS,20095
Kingman Reef,UM,74250
Kings County,CA,06031
Kings County,NY,36047
Kingsbury County,SD,46077
Kinney County,TX,48271
Kiowa County,CO,08061
Kiowa County,KS,20097
Kiowa County,OK,40075
Kit Carson County,CO,08063
Kitsap County,WA,53035
Kittitas County,WA,53037
Kittson County,MN,27069
Klamath County,OR,41035
Kleberg County,TX,48273
Klickitat County,WA,53039
Knott County,KY,21119
Knox County,IL,17095
Knox County,IN,18083
Knox County,KY,21121
Knox County,ME,23013
Knox County,MO,29103
Knox County,NE,31107
Knox County,OH,39083
Knox County,TN,47093
Knox County,TX,48275
Kodiak Island Borough,AK,02150
Koochiching County,MN,27071
Kootenai County,ID,16055
Koror,PW,70150
Kosciusko County,IN,18085
Kosrae,FM,64005
Kossuth County,IA,19109
Kusilvak Census Area,AK,02158
Kwajalein,MH,68150
La Crosse County,WI,55063
La Paz County,AZ,04012
La Plata County,CO,08067
La Salle County,TX,48283
Labette County,KS,20099
Lac qui Parle County,MN,27073
Lackawanna County,PA,42069
Laclede County,MO,29105
Lae,MH,68160
Lafayette County,AR,05073
Lafayette County,FL,12067
Lafayette County,MS,28071
Lafayette County,MO,29107
Lafayette County,WI,55065
Lafayette Parish,LA,22055
Lafourche Parish,LA,22057
LaGrange County,IN,18087
Lajas Municipio,PR,72079
Lake and Peninsula Borough,AK,02164
Lake County,CA,06033
Lake County,CO,08065
Lake County,FL,12069
Lake County,IL,17097
Lake County,IN,18089
Lake County,MI,26085
Lake County,MN,27075
Lake County,MT,30047
Lake County,OH,39085
Lake County,OR,41037
Lake County,SD,46079
Lake County,TN,47095
Lake of the Woods County,MN,27077
Lamar County,AL,01075
Lamar County,GA,13171
Lamar County,MS,28073
Lamar County,TX,48277
Lamb County,TX,48279
Lamoille County,VT,50015
LaMoure County,ND,38045
Lampasas County,TX,48281
Lancaster County,NE,31109
Lancaster County,PA,42071
Lancaster County,SC,45057
Lancaster County,VA,51103
Lander County,NV,32015
Lane County,KS,20101
Lane County,OR,41039
Langlade County,WI,55067
Lanier County,GA,13173
Lapeer County,MI,26087
LaPorte County,IN,18091
Laramie County,WY,56021
Lares Municipio,PR,72081
Larimer County,CO,08069
Larue County,KY,21123
Las Animas County,CO,08071
Las Marías Municipio,PR,72083
Las Piedras Municipio,PR,72085
LaSalle County,IL,17099
LaSalle Parish,LA,22059
Lassen County,CA,06035
Latah County,ID,16057
Latimer County,OK,40077
Lauderdale County,AL,01077
Lauderdale County,MS,28075
Lauderdale County,TN,47097
Laurel County,KY,21125
Laurens County,GA,13175
Laurens County,SC,45059
Lavaca County,TX,48285
Lawrence County,AL,01079
Lawrence County,AR,05075
Lawrence County,IL,17101
Lawrence County,IN,18093
Lawrence County,KY,21127
Lawrence County,MS,28077
Lawrence County,MO,29109
Lawrence County,OH,39087
Lawrence County,PA,42073
Lawrence County,SD,46081
Lawrence County,TN,47099
Le Flore County,OK,40079
Le Sueur County,MN,27079
Lea County,NM,35025
Leake County,MS,28079
Leavenworth County,KS,20103
Lebanon County,PA,42075
Lee County,AL,01081
Lee County,AR,05077
Lee County,FL,12071
Lee County,GA,13177
Lee County,IL,17103
Lee County,IA,19111
Lee County,KY,21129
Lee County,MS,28081
Lee County,NC,37105
Lee County,SC,45061
Lee County,TX,48287
Lee County,VA,51105
Leelanau County,MI,26089
Leflore County,MS,28083
Lehigh County,PA,42077
Lemhi County,ID,16059
Lenawee County,MI,26091
Lenoir County,NC,37107
Leon County,FL,12073
Leon County,TX,48289
Leslie County,KY,21131
Letcher County,KY,21133
Levy County,FL,12075
Lewis and Clark County,MT,30049
Lewis County,ID,16061
Lewis County,KY,21135
Lewis County,MO,29111
Lewis County,NY,36049
Lewis County,TN,47101
Lewis County,WA,53041
Lewis County,WV,54041
Lexington city,VA,51678
Lexington County,SC,45063
Lib,MH,68170
Liberty County,FL,12077
Liberty County,GA,13179
Liberty County,MT,30051
Liberty County,TX,48291
Licking County,OH,39089
Likiep,MH,68180
Limestone County,AL,01083
Limestone County,TX,48293
Lincoln County,AR,05079
Lincoln County,CO,08073
Lincoln County,GA,13181
Lincoln County,ID,16063
Lincoln County,KS,20105
Lincoln County,KY,21137
Lincoln County,ME,23015
Lincoln County,MN,27081
Lincoln County,MS,28085
Lincoln County,MO,29113
Lincoln County,MT,30053
Lincoln County,NE,31111
Lincoln County,NV,32017
Lincoln County,NM,35027
Lincoln County,NC,37109
Lincoln County,OK,40081
Lincoln County,OR,41041
Lincoln County,SD,46083
Lincoln County,TN,47103
Lincoln County,WA,53043
Lincoln County,WV,54043
Lincoln County,WI,55069
Lincoln County,WY,56023
Lincoln Parish,LA,22061
Linn County,IA,19113
Linn County,KS,20107
Linn County,MO,29115
Linn County,OR,41043
Lipscomb County,TX,48295
Little River County,AR,05081
Live Oak County,TX,48297
Livingston County,IL,17105
Livingston County,KY,21139
Livingston County,MI,26093
Livingston County,MO,29117
Livingston County,NY,36051
Livingston Parish,LA,22063
Llano County,TX,48299
Logan County,AR,05083
Logan County,CO,08075
Logan County,IL,17107
Logan County,KS,20109
Logan County,KY,21141
Logan County,NE,31113
Logan County,ND,38047
Logan County,OH,39091
Logan County,OK,40083
Logan County,WV,54045
Loíza Municipio,PR,72087
Long County,GA,13183
Lonoke County,AR,05085
Lorain County,OH,39093
Los Alamos County,NM,35028
Los Angeles County,CA,06037
Loudon County,TN,47105
Loudoun County,VA,51107
Louisa County,IA,19115
Louisa County,VA,51109
Loup County,NE,31115
Love County,OK,40085
Loving County,TX,48301
Lower Connecticut River Valley Planning Region,CT,09130
Lowndes County,AL,01085
Lowndes County,GA,13185
Lowndes County,MS,28087
Lubbock County,TX,48303
Lucas County,IA,19117
Lucas County,OH,39095
Luce County,MI,26095
Lumpkin County,GA,13187
Luna County,NM,35029
Lunenburg County,VA,51111
Luquillo Municipio,PR,72089
Luzerne County,PA,42079
Lycoming County,PA,42081
Lyman County,SD,46085
Lynchburg city,VA,51680
Lynn County,TX,48305
Lyon County,IA,19119
Lyon County,KS,20111
Lyon County,KY,21143
Lyon County,MN,27083
Lyon County,NV,32019
Mackinac County,MI,26097
Macomb County,MI,26099
Macon County,AL,01087
Macon County,GA,13193
Macon County,IL,17115
Macon County,MO,29121
Macon County,NC,37113
Macon County,TN,47111
Macoupin County,IL,17117
Madera County,CA,06039
Madison County,AL,01089
Madison County,AR,05087
Madison County,FL,12079
Madison County,GA,13195
Madison County,ID,16065
Madison County,IL,17119
Madison County,IN,18095
Madison County,IA,19121
Madison County,KY,21151
Madison County,MS,28089
Madison County,MO,29123
Madison County,MT,30057
Madison County,NE,31119
Madison County,NY,36053
Madison County,NC,37115
Madison County,OH,39097
Madison County,TN,47113
Madison County,TX,48313
Madison County,VA,51113
Madison Parish,LA,22065
Magoffin County,KY,21153
Mahaska County,IA,19123
Mahnomen County,MN,27087
Mahoning County,OH,39099
Major County,OK,40093
Majuro,MH,68190
Malheur County,OR,41045
Maloelap,MH,68300
Manassas city,VA,51683
Manassas Park city,VA,51685
Manatee County,FL,12081
Manatí Municipio,PR,72091
Manistee County,MI,26101
Manitowoc County,WI,55071
Manu'a District,AS,60020
Marathon County,WI,55073
Marengo County,AL,01091
Maricao Municipio,PR,72093
Maricopa County,AZ,04013
Maries County,MO,29125
Marin County,CA,06041
Marinette County,WI,55075
Marion County,AL,01093
Marion County,AR,05089
Marion County,FL,12083
Marion County,GA,13197
Marion County,IL,17121
Marion County,IN,18097
Marion County,IA,19125
Marion County,KS,20115
Marion County,KY,21155
Marion County,MS,28091
Marion County,MO,29127
Marion County,OH,39101
Marion County,OR,41047
Marion County,SC,45067
Marion County,TN,47115
Marion County,TX,48315
Marion County,WV,54049
Mariposa County,CA,06043
Marlboro County,SC,45069
Marquette County,MI,26103
Marquette County,WI,55077
Marshall County,AL,01095
Marshall County,IL,17123
Marshall County,IN,18099
Marshall County,IA,19127
Marshall County,KS,20117
Marshall County,KY,21157
Marshall County,MN,27089
Marshall County,MS,28093
Marshall County,OK,40095
Marshall County,SD,46091
Marshall County,TN,47117
Marshall County,WV,54051
Martin County,FL,12085
Martin County,IN,18101
Martin County,KY,21159
Martin County,MN,27091
Martin County,NC,37117
Martin County,TX,48317
Martinsville city,VA,51690
Mason County,IL,17125
Mason County,KY,21161
Mason County,MI,26105
Mason County,TX,48319
Mason County,WA,53045
Mason County,WV,54053
Massac County,IL,17127
Matagorda County,TX,48321
Matanuska-Susitna Borough,AK,02170
Mathews County,VA,51115
Maui County,HI,15009
Maunabo Municipio,PR,72095
Maury County,TN,47119
Maverick County,TX,48323
Mayagüez Municipio,PR,72097
Mayes County,OK,40097
McClain County,OK,40087
McCone County,MT,30055
McCook County,SD,46087
McCormick County,SC,45065
McCracken County,KY,21145
McCreary County,KY,21147
McCulloch County,TX,48307
McCurtain County,OK,40089
McDonald County,MO,29119
McDonough County,IL,17109
McDowell County,NC,37111
McDowell County,WV,54047
McDuffie County,GA,13189
McHenry County,IL,17111
McHenry County,ND,38049
McIntosh County,GA,13191
McIntosh County,ND,38051
McIntosh County,OK,40091
McKean County,PA,42083
McKenzie County,ND,38053
McKinley County,NM,35031
McLean County,IL,17113
McLean County,KY,21149
McLean County,ND,38055
McLennan County,TX,48309
McLeod County,MN,27085
McMinn County,TN,47107
McMullen County,TX,48311
McNairy County,TN,47109
McPherson County,KS,20113
McPherson County,NE,31117
McPherson County,SD,46089
Meade County,KS,20119
Meade County,KY,21163
Meade County,SD,46093
Meagher County,MT,30059
Mecklenburg County,NC,37119
Mecklenburg County,VA,51117
Mecosta County,MI,26107
Medina County,OH,39103
Medina County,TX,48325
Meeker County,MN,27093
Meigs County,OH,39105
Meigs County,TN,47121
Mejit,MH,68310
Melekeok,PW,70212
Mellette County,SD,46095
Menard County,IL,17129
Menard County,TX,48327
Mendocino County,CA,06045
Menifee County,KY,21165
Menominee County,MI,26109
Menominee County,WI,55078
Merced County,CA,06047
Mercer County,IL,17131
Mercer County,KY,21167
Mercer County,MO,29129
Mercer County,NJ,34021
Mercer County,ND,38057
Mercer County,OH,39107
Mercer County,PA,42085
Mercer County,WV,54055
Meriwether County,GA,13199
Merrick County,NE,31121
Merrimack County,NH,33013
Mesa County,CO,08077
Metcalfe County,KY,21169
Miami County,IN,18103
Miami County,KS,20121
Miami County,OH,39109
Miami-Dade County,FL,12086
Middlesex County,MA,25017
Middlesex County,NJ,34023
Middlesex County,VA,51119
Midland County,MI,26111
Midland County,TX,48329
Midway Islands,UM,74300
Mifflin County,PA,42087
Milam County,TX,48331
Mili,MH,68320
Millard County,UT,49027
Mille Lacs County,MN,27095
Miller County,AR,05091
Miller County,GA,13201
Miller County,MO,29131
Mills County,IA,19129
Mills County,TX,48333
Milwaukee County,WI,55079
Miner County,SD,46097
Mineral County,CO,08079
Mineral County,MT,30061
Mineral County,NV,32021
Mineral County,WV,54057
Mingo County,WV,54059
Minidoka County,ID,16067
Minnehaha County,SD,46099
Missaukee County,MI,26113
Mississippi County,AR,05093
Mississippi County,MO,29133
Missoula County,MT,30063
Mitchell County,GA,13205
Mitchell County,IA,19131
Mitchell County,KS,20123
Mitchell County,NC,37121
Mitchell County,TX,48335
Mobile County,AL,01097
Moca Municipio,PR,72099
Modoc County,CA,06049
Moffat County,CO,08081
Mohave County,AZ,04015
Moniteau County,MO,29135
Monmouth County,NJ,34025
Mono County,CA,06051
Monona County,IA,19133
Monongalia County,WV,54061
Monroe County,AL,01099
Monroe County,AR,05095
Monroe County,FL,12087
Monroe County,GA,13207
Monroe County,IL,17133
Monroe County,IN,18105
Monroe County,IA,19135
Monroe County,KY,21171
Monroe County,MI,26115
Monroe County,MS,28095
Monroe County,MO,29137
Monroe County,NY,36055
Monroe County,OH,39111
Monroe County,PA,42089
Monroe County,TN,47123
Monroe County,WV,54063
Monroe County,WI,55081
Montague County,TX,48337
Montcalm County,MI,26117
Monterey County,CA,06053
Montezuma County,CO,08083
Montgomery County,AL,01101
Montgomery County,AR,05097
Montgomery County,GA,13209
Montgomery County,IL,17135
Montgomery County,IN,18107
Montgomery County,IA,19137
Montgomery County,KS,20125
Montgomery County,KY,21173
Montgomery County,MD,24031
Montgomery County,MS,28097
Montgomery County,MO,29139
Montgomery County,NY,36057
Montgomery County,NC,37123
Montgomery County,OH,39113
Montgomery County,PA,42091
Montgomery County,TN,47125
Montgomery County,TX,48339
Montgomery County,VA,51121
Montmorency County,MI,26119
Montour County,PA,42093
Montrose County,CO,08085
Moody County,SD,46101
Moore County,NC,37125
Moore County,TN,47127
Moore County,TX,48341
Mora County,NM,35033
Morehouse Parish,LA,22067
Morgan County,AL,01103
Morgan County,CO,08087
Morgan County,GA,13211
Morgan County,IL,17137
Morgan County,IN,18109
Morgan County,KY,21175
Morgan County,MO,29141
Morgan County,OH,39115
Morgan County,TN,47129
Morgan County,UT,49029
Morgan County,WV,54065
Morovis Municipio,PR,72101
Morrill County,NE,31123
Morris County,KS,20127
Morris County,NJ,34027
Morris County,TX,48343
Morrison County,MN,27097
Morrow County,OH,39117
Morrow County,OR,41049
Morton County,KS,20129
Morton County,ND,38059
Motley County,TX,48345
Moultrie County,IL,17139
Mountrail County,ND,38061
Mower County,MN,27099
Muhlenberg County,KY,21177
Multnomah County,OR,41051
Murray County,GA,13213
Murray County,MN,27101
Murray County,OK,40099
Muscatine County,IA,19139
Muscogee County,GA,13215
Muskegon County,MI,26121
Muskingum County,OH,39119
Muskogee County,OK,40101
Musselshell County,MT,30065
Nacogdoches County,TX,48347
Naguabo Municipio,PR,72103
Namorik,MH,68330
Namu,MH,68340
Nance County,NE,31125
Nantucket County,MA,25019
Napa County,CA,06055
Naranjito Municipio,PR,72105
Nash County,NC,37127
Nassau County,FL,12089
Nassau County,NY,36059
Natchitoches Parish,LA,22069
Natrona County,WY,56025
Naugatuck Valley Planning Region,CT,09140
Navajo County,AZ,04017
Navarro County,TX,48349
Navassa Island,UM,74350
Nelson County,KY,21179
Nelson County,ND,38063
Nelson County,VA,51125
Nemaha County,KS,20131
Nemaha County,NE,31127
Neosho County,KS,20133
Neshoba County,MS,28099
Ness County,KS,20135
Nevada County,AR,05099
Nevada County,CA,06057
New Castle County,DE,10003
New Hanover County,NC,37129
New Kent County,VA,51127
New Madrid County,MO,29143
New York County,NY,36061
Newaygo County,MI,26123
Newberry County,SC,45071
Newport County,RI,44005
Newport News city,VA,51700
Newton County,AR,05101
Newton County,GA,13217
Newton County,IN,18111
Newton County,MS,28101
Newton County,MO,29145
Newton County,TX,48351
Nez Perce County,ID,16069
Ngaraard,PW,70214
Ngarchelong,PW,70218
Ngardmau,PW,70222
Ngatpang,PW,70224
Ngchesar,PW,70226
Ngernmlengui,PW,70227
Ngiwal,PW,70228
Niagara County,NY,36063
Nicholas County,KY,21181
Nicholas County,WV,54067
Nicollet County,MN,27103
Niobrara County,WY,56027
Noble County,IN,18113
Noble County,OH,39121
Noble County,OK,40103
Nobles County,MN,27105
Nodaway County,MO,29147
Nolan County,TX,48353
Nome Census Area,AK,02180
Norfolk city,VA,51710
Norfolk County,MA,25021
Norman County,MN,27107
North Slope Borough,AK,02185
Northampton County,NC,37131
Northampton County,PA,42095
Northampton County,VA,51131
Northeastern Connecticut Planning Region,CT,09150
Northern Islands Municipality,MP,69085
Northumberland County,PA,42097
Northumberland County,VA,51133
Northwest Arctic Borough,AK,02188
Northwest Hills Planning Region,CT,09160
Norton city,VA,51720
Norton County,KS,20137
Nottoway County,VA,51135
Nowata County,OK,40105
Noxubee County,MS,28103
Nuckolls County,NE,31129
Nueces County,TX,48355
Nye County,NV,32023
O'Brien County,IA,19141
Oakland County,MI,26125
Obion County,TN,47131
Ocean County,NJ,34029
Oceana County,MI,26127
Ochiltree County,TX,48357
Oconee County,GA,13219
Oconee County,SC,45073
Oconto County,WI,55083
Ogemaw County,MI,26129
Oglala Lakota County,SD,46102
Ogle County,IL,17141
Oglethorpe County,GA,13221
Ohio County,IN,18115
Ohio County,KY,21183
Ohio County,WV,54069
Okaloosa County,FL,12091
Okanogan County,WA,53047
Okeechobee County,FL,12093
Okfuskee County,OK,40107
Oklahoma County,OK,40109
Okmulgee County,OK,40111
Oktibbeha County,MS,28105
Oldham County,KY,21185
Oldham County,TX,48359
Oliver County,ND,38065
Olmsted County,MN,27109
Oneida County,ID,16071
Oneida County,NY,36065
Oneida County,WI,55085
Onondaga County,NY,36067
Onslow County,NC,37133
Ontario County,NY,36069
Ontonagon County,MI,26131
Orange County,CA,06059
Orange County,FL,12095
Orange County,IN,18117
Orange County,NY,36071
Orange County,NC,37135
Orange County,TX,48361
Orange County,VT,50017
Orange County,VA,51137
Orangeburg County,SC,45075
Oregon County,MO,29149
Orleans County,NY,36073
Orleans County,VT,50019
Orleans Parish,LA,22071
Orocovis Municipio,PR,72107
Osage County,KS,20139
Osage County,MO,29151
Osage County,OK,40113
Osborne County,KS,20141
Osceola County,FL,12097
Osceola County,IA,19143
Osceola County,MI,26133
Oscoda County,MI,26135
Oswego County,NY,36075
Otero County,CO,08089
Otero County,NM,35035
Otoe County,NE,31131
Otsego County,MI,26137
Otsego County,NY,36077
Ottawa County,KS,20143
Ottawa County,MI,26139
Ottawa County,OH,39123
Ottawa County,OK,40115
Otter Tail County,MN,27111
Ouachita County,AR,05103
Ouachita Parish,LA,22073
Ouray County,CO,08091
Outagamie County,WI,55087
Overton County,TN,47133
Owen County,IN,18119
Owen County,KY,21187
Owsley County,KY,21189
Owyhee County,ID,16073
Oxford County,ME,23017
Ozark County,MO,29153
Ozaukee County,WI,55089
Pacific County,WA,53049
Page County,IA,19145
Page County,VA,51139
Palm Beach County,FL,12099
Palmyra Atoll,UM,74400
Palo Alto County,IA,19147
Palo Pinto County,TX,48363
Pamlico County,NC,37137
Panola County,MS,28107
Panola County,TX,48365
Park County,CO,08093
Park County,MT,30067
Park County,WY,56029
Parke County,IN,18121
Parker County,TX,48367
Parmer County,TX,48369
Pasco County,FL,12101
Pasquotank County,NC,37139
Passaic County,NJ,34031
Patillas Municipio,PR,72109
Patrick County,VA,51141
Paulding County,GA,13223
Paulding County,OH,39125
Pawnee County,KS,20145
Pawnee County,NE,31133
Pawnee County,OK,40117
Payette County,ID,16075
Payne County,OK,40119
Peach County,GA,13225
Pearl River County,MS,28109
Pecos County,TX,48371
Peleliu,PW,70350
Pembina County,ND,38067
Pemiscot County,MO,29155
Pend Oreille County,WA,53051
Pender County,NC,37141
Pendleton County,KY,21191
Pendleton County,WV,54071
Pennington County,MN,27113
Pennington County,SD,46103
Penobscot County,ME,23019
Peñuelas Municipio,PR,72111
Peoria County,IL,17143
Pepin County,WI,55091
Perkins County,NE,31135
Perkins County,SD,46105
Perquimans County,NC,37143
Perry County,AL,01105
Perry County,AR,05105
Perry County,IL,17145
Perry County,IN,18123
Perry County,KY,21193
Perry County,MS,28111
Perry County,MO,29157
Perry County,OH,39127
Perry County,PA,42099
Perry County,TN,47135
Pershing County,NV,32027
Person County,NC,37145
Petersburg Borough,AK,02195
Petersburg city,VA,51730
Petroleum County,MT,30069
Pettis County,MO,29159
Phelps County,MO,29161
Phelps County,NE,31137
Philadelphia County,PA,42101
Phillips County,AR,05107
Phillips County,CO,08095
Phillips County,KS,20147
Phillips County,MT,30071
Piatt County,IL,17147
Pickaway County,OH,39129
Pickens County,AL,01107
Pickens County,GA,13227
Pickens County,SC,45077
Pickett County,TN,47137
Pierce County,GA,13229
Pierce County,NE,31139
Pierce County,ND,38069
Pierce County,WA,53053
Pierce County,WI,55093
Pike County,AL,01109
Pike County,AR,05109
Pike County,GA,13231
Pike County,IL,17149
Pike County,IN,18125
Pike County,KY,21195
Pike County,MS,28113
Pike County,MO,29163
Pike County,OH,39131
Pike County,PA,42103
Pima County,AZ,04019
Pinal County,AZ,04021
Pine County,MN,27115
Pinellas County,FL,12103
Pipestone County,MN,27117
Piscataquis County,ME,23021
Pitkin County,CO,08097
Pitt County,NC,37147
Pittsburg County,OK,40121
Pittsylvania County,VA,51143
Piute County,UT,49031
Placer County,CA,06061
Plaquemines Parish,LA,22075
Platte County,MO,29165
Platte County,NE,31141
Platte County,WY,56031
Pleasants County,WV,54073
Plumas County,CA,06063
Plymouth County,IA,19149
Plymouth County,MA,25023
Pocahontas County,IA,19151
Pocahontas County,WV,54075
Pohnpeit,FM,64040
Poinsett County,AR,05111
Pointe Coupee Parish,LA,22077
Polk County,AR,05113
Polk County,FL,12105
Polk County,GA,13233
Polk County,IA,19153
Polk County,MN,27119
Polk County,MO,29167
Polk County,NE,31143
Polk County,NC,37149
Polk County,OR,41053
Polk County,TN,47139
Polk County,TX,48373
Polk County,WI,55095
Ponce Municipio,PR,72113
Pondera County,MT,30073
Pontotoc County,MS,28115
Pontotoc County,OK,40123
Pope County,AR,05115
Pope County,IL,17151
Pope County,MN,27121
Poquoson city,VA,51735
Portage County,OH,39133
Portage County,WI,55097
Porter County,IN,18127
Portsmouth city,VA,51740
Posey County,IN,18129
Pottawatomie County,KS,20149
Pottawatomie County,OK,40125
Pottawattamie County,IA,19155
Potter County,PA,42105
Potter County,SD,46107
Potter County,TX,48375
Powder River County,MT,30075
Powell County,KY,21197
Powell County,MT,30077
Power County,ID,16077
Poweshiek County,IA,19157
Powhatan County,VA,51145
Prairie County,AR,05117
Prairie County,MT,30079
Pratt County,KS,20151
Preble County,OH,39135
Prentiss County,MS,28117
Presidio County,TX,48377
Preston County,WV,54077
Presque Isle County,MI,26141
Price County,WI,55099
Prince Edward County,VA,51147
Prince George County,VA,51149
Prince George's County,MD,24033
Prince of Wales-Hyder Census Area,AK,02198
Prince William County,VA,51153
Providence County,RI,44007
Prowers County,CO,08099
Pueblo County,CO,08101
Pulaski County,AR,05119
Pulaski County,GA,13235
Pulaski County,IL,17153
Pulaski County,IN,18131
Pulaski County,KY,21199
Pulaski County,MO,29169
Pulaski County,VA,51155
Pushmataha County,OK,40127
Putnam County,FL,12107
Putnam County,GA,13237
Putnam County,IL,17155
Putnam County,IN,18133
Putnam County,MO,29171
Putnam County,NY,36079
Putnam County,OH,39137
Putnam County,TN,47141
Putnam County,WV,54079
Quay County,NM,35037
Quebradillas Municipio,PR,72115
Queen Anne's County,MD,24035
Quitman County,GA,13239
Queens County,NY,36081
Quitman County,MS,28119
Rabun County,GA,13241
Racine County,WI,55101
Radford city,VA,51750
Rains County,TX,48379
Raleigh County,WV,54081
Ralls County,MO,29173
Ramsey County,MN,27123
Ramsey County,ND,38071
Randall County,TX,48381
Randolph County,AL,01111
Randolph County,AR,05121
Randolph County,GA,13243
Randolph County,IL,17157
Randolph County,IN,18135
Randolph County,MO,29175
Randolph County,NC,37151
Randolph County,WV,54083
Rankin County,MS,28121
Ransom County,ND,38073
Rapides Parish,LA,22079
Rappahannock County,VA,51157
Ravalli County,MT,30081
Rawlins County,KS,20153
Ray County,MO,29177
Reagan County,TX,48383
Real County,TX,48385
Red Lake County,MN,27125
Red River County,TX,48387
Red River Parish,LA,22081
Red Willow County,NE,31145
Redwood County,MN,27127
Reeves County,TX,48389
Refugio County,TX,48391
Reno County,KS,20155
Rensselaer County,NY,36083
Renville County,MN,27129
Renville County,ND,38075
Republic County,KS,20157
Reynolds County,MO,29179
Rhea County,TN,47143
Rice County,KS,20159
Rice County,MN,27131
Rich County,UT,49033
Richardson County,NE,31147
Richland County,IL,17159
Richland County,MT,30083
Richland County,ND,38077
Richland County,OH,39139
Richland County,SC,45079
Richland County,WI,55103
Richland Parish,LA,22083
Richmond city,VA,51760
Richmond County,GA,13245
Richmond County,NY,36085
Richmond County,NC,37153
Richmond County,VA,51159
Riley County,KS,20161
Rincón Municipio,PR,72117
Ringgold County,IA,19159
Rio Arriba County,NM,35039
Rio Blanco County,CO,08103
Rio Grande County,CO,08105
Río Grande Municipio,PR,72119
Ripley County,IN,18137
Ripley County,MO,29181
Ritchie County,WV,54085
Riverside County,CA,06065
Roane County,TN,47145
Roane County,WV,54087
Roanoke city,VA,51770
Roanoke County,VA,51161
Roberts County,SD,46109
Roberts County,TX,48393
Robertson County,KY,21201
Robertson County,TN,47147
Robertson County,TX,48395
Robeson County,NC,37155
Rock County,MN,27133
Rock County,NE,31149
Rock County,WI,55105
Rock Island County,IL,17161
Rockbridge County,VA,51163
Rockcastle County,KY,21203
Rockdale County,GA,13247
Rockingham County,NH,33015
Rockingham County,NC,37157
Rockingham County,VA,51165
Rockland County,NY,36087
Rockwall County,TX,48397
Roger Mills County,OK,40129
Rogers County,OK,40131
Rolette County,ND,38079
Rongelap,MH,68350
Rongrik,MH,68360
Rooks County,KS,20163
Roosevelt County,MT,30085
Roosevelt County,NM,35041
Roscommon County,MI,26143
Rose Island,AS,60030
Roseau County,MN,27135
Rosebud County,MT,30087
Ross County,OH,39141
Rota Municipality,MP,69100
Routt County,CO,08107
Rowan County,KY,21205
Rowan County,NC,37159
Runnels County,TX,48399
Rush County,IN,18139
Rush County,KS,20165
Rusk County,TX,48401
Rusk County,WI,55107
Russell County,AL,01113
Russell County,KS,20167
Russell County,KY,21207
Russell County,VA,51167
Rutherford County,NC,37161
Rutherford County,TN,47149
Rutland County,VT,50021
Sabana Grande Municipio,PR,72121
Sabine County,TX,48403
Sabine Parish,LA,22085
Sac County,IA,19161
Sacramento County,CA,06067
Sagadahoc County,ME,23023
Saginaw County,MI,26145
Saguache County,CO,08109
Saipan Municipality,MP,69110
Salem city,VA,51775
Salem County,NJ,34033
Salinas Municipio,PR,72123
Saline County,AR,05125
Saline County,IL,17165
Saline County,KS,20169
Saline County,MO,29195
Saline County,NE,31151
Salt Lake County,UT,49035
Saluda County,SC,45081
Sampson County,NC,37163
San Augustine County,TX,48405
San Benito County,CA,06069
San Bernardino County,CA,06071
San Diego County,CA,06073
San Francisco County,CA,06075
San Germán Municipio,PR,72125
San Jacinto County,TX,48407
San Joaquin County,CA,06077
San Juan County,CO,08111
San Juan County,NM,35045
San Juan County,UT,49037
San Juan County,WA,53055
San Juan Municipio,PR,72127
San Lorenzo Municipio,PR,72129
San Luis Obispo County,CA,06079
San Mateo County,CA,06081
San Miguel County,CO,08113
San Miguel County,NM,35047
San Patricio County,TX,48409
San Saba County,TX,48411
San Sebastián Municipio,PR,72131
Sanborn County,SD,46111
Sanders County,MT,30089
Sandoval County,NM,35043
Sandusky County,OH,39143
Sangamon County,IL,17167
Sanilac County,MI,26151
Sanpete County,UT,49039
Santa Barbara County,CA,06083
Santa Clara County,CA,06085
Santa Cruz County,AZ,04023
Santa Cruz County,CA,06087
Santa Fe County,NM,35049
Santa Isabel Municipio,PR,72133
Sarasota County,FL,12115
Santa Rosa County,FL,12113
Saratoga County,NY,36091
Sargent County,ND,38081
Sarpy County,NE,31153
Sauk County,WI,55111
Saunders County,NE,31155
Sawyer County,WI,55113
Schenectady County,NY,36093
Schleicher County,TX,48413
Schley County,GA,13249
Schoharie County,NY,36095
Schoolcraft County,MI,26153
Schuyler County,IL,17169
Schuyler County,MO,29197
Schuyler County,NY,36097
Schuylkill County,PA,42107
Scioto County,OH,39145
Scotland County,MO,29199
Scotland County,NC,37165
Scott County,AR,05127
Scott County,IL,17171
Scott County,IN,18143
Scott County,IA,19163
Scott County,KS,20171
Scott County,KY,21209
Scott County,MN,27139
Scott County,MS,28123
Scott County,MO,29201
Scott County,TN,47151
Scott County,VA,51169
Scotts Bluff County,NE,31157
Screven County,GA,13251
Scurry County,TX,48415
Searcy County,AR,05129
Sebastian County,AR,05131
Sedgwick County,CO,08115
Sedgwick County,KS,20173
Seminole County,FL,12117
Seminole County,GA,13253
Seminole County,OK,40133
Seneca County,NY,36099
Seneca County,OH,39147
Sequatchie County,TN,47153
Sequoyah County,OK,40135
Sevier County,AR,05133
Sevier County,TN,47155
Sevier County,UT,49041
Seward County,KS,20175
Seward County,NE,31159
Shackelford County,TX,48417
Shannon County,MO,29203
Sharkey County,MS,28125
Sharp County,AR,05135
Shasta County,CA,06089
Shawano County,WI,55115
Shawnee County,KS,20177
Sheboygan County,WI,55117
Shelby County,AL,01117
Shelby County,IL,17173
Shelby County,IN,18145
Shelby County,IA,19165
Shelby County,KY,21211
Shelby County,MO,29205
Shelby County,OH,39149
Shelby County,TN,47157
Shelby County,TX,48419
Shenandoah County,VA,51171
Sherburne County,MN,27141
Sheridan County,KS,20179
Sheridan County,MT,30091
Sheridan County,NE,31161
Sheridan County,ND,38083
Sheridan County,WY,56033
Sherman County,KS,20181
Sherman County,NE,31163
Sherman County,OR,41055
Sherman County,TX,48421
Shiawassee County,MI,26155
Shoshone County,ID,16079
Sibley County,MN,27143
Sierra County,CA,06091
Sierra County,NM,35051
Silver Bow County,MT,30093
Simpson County,KY,21213
Simpson County,MS,28127
Sioux County,IA,19167
Sioux County,NE,31165
Sioux County,ND,38085
Siskiyou County,CA,06093
Sitka City and Borough,AK,02220
Skagit County,WA,53057
Skagway Municipality,AK,02230
Skamania County,WA,53059
Slope County,ND,38087
Smith County,KS,20183
Smith County,MS,28129
Smith County,TN,47159
Smith County,TX,48423
Smyth County,VA,51173
Snohomish County,WA,53061
Snyder County,PA,42109
Socorro County,NM,35053
Solano County,CA,06095
Somerset County,ME,23025
Somerset County,MD,24039
Somerset County,NJ,34035
Somerset County,PA,42111
Somervell County,TX,48425
Sonoma County,CA,06097
Sonsorol,PW,70370
"South Central Connecticut
Planning Region",CT,09170
Southampton County,VA,51175
Southeast Fairbanks Census Area,AK,02240
"Southeastern Connecticut
Planning Region",CT,09180
Spalding County,GA,13255
Spartanburg County,SC,45083
Spencer County,IN,18147
Spencer County,KY,21215
Spink County,SD,46115
Spokane County,WA,53063
Spotsylvania County,VA,51177
St. Bernard Parish,LA,22087
St. Charles County,MO,29183
St. Charles Parish,LA,22089
St. Clair County,AL,01115
St. Clair County,IL,17163
St. Clair County,MI,26147
St. Clair County,MO,29185
St. Croix County,WI,55109
St. Croix Island,VI,78010
St. Francis County,AR,05123
St. Francois County,MO,29187
St. Helena Parish,LA,22091
St. James Parish,LA,22093
St. John Island,VI,78020
"St. John the Baptist
Parish",LA,22095
St. Johns County,FL,12109
St. Joseph County,IN,18141
St. Joseph County,MI,26149
St. Landry Parish,LA,22097
St. Lawrence County,NY,36089
St. Louis city,MO,29510
St. Louis County,MN,27137
St. Louis County,MO,29189
St. Lucie County,FL,12111
St. Martin Parish,LA,22099
St. Mary Parish,LA,22101
St. Mary's County,MD,24037
St. Tammany Parish,LA,22103
St. Thomas Island,VI,78030
Stafford County,KS,20185
Stafford County,VA,51179
Stanislaus County,CA,06099
Stanley County,SD,46117
Stanly County,NC,37167
Stanton County,KS,20187
Stanton County,NE,31167
Stark County,IL,17175
Stark County,ND,38089
Stark County,OH,39151
Starke County,IN,18149
Starr County,TX,48427
Staunton city,VA,51790
Ste. Genevieve County,MO,29186
Stearns County,MN,27145
Steele County,MN,27147
Steele County,ND,38091
Stephens County,GA,13257
Stephens County,OK,40137
Stephens County,TX,48429
Stephenson County,IL,17177
Sterling County,TX,48431
Steuben County,IN,18151
Steuben County,NY,36101
Stevens County,KS,20189
Stevens County,MN,27149
Stevens County,WA,53065
Stewart County,GA,13259
Stewart County,TN,47161
Stillwater County,MT,30095
Stoddard County,MO,29207
Stokes County,NC,37169
Stone County,AR,05137
Stone County,MS,28131
Stone County,MO,29209
Stonewall County,TX,48433
Storey County,NV,32029
Story County,IA,19169
Strafford County,NH,33017
Stutsman County,ND,38093
Sublette County,WY,56035
Suffolk city,VA,51800
Suffolk County,MA,25025
Suffolk County,NY,36103
Sullivan County,IN,18153
Sullivan County,MO,29211
Sullivan County,NH,33019
Sullivan County,NY,36105
Sullivan County,PA,42113
Sullivan County,TN,47163
Sully County,SD,46119
Summers County,WV,54089
Summit County,CO,08117
Summit County,OH,39153
Summit County,UT,49043
Sumner County,KS,20191
Sumner County,TN,47165
Sumter County,AL,01119
Sumter County,FL,12119
Sumter County,GA,13261
Sumter County,SC,45085
Sunflower County,MS,28133
Surry County,NC,37171
Surry County,VA,51181
Susquehanna County,PA,42115
Sussex County,DE,10005
Sussex County,NJ,34037
Sussex County,VA,51183
Sutter County,CA,06101
Sutton County,TX,48435
Suwannee County,FL,12121
Swain County,NC,37173
Swains Island,AS,60040
Sweet Grass County,MT,30097
Sweetwater County,WY,56037
Swift County,MN,27151
Swisher County,TX,48437
Switzerland County,IN,18155
Talbot County,GA,13263
Talbot County,MD,24041
Taliaferro County,GA,13265
Talladega County,AL,01121
Tallahatchie County,MS,28135
Tallapoosa County,AL,01123
Tama County,IA,19171
Taney County,MO,29213
Tangipahoa Parish,LA,22105
Taos County,NM,35055
Tarrant County,TX,48439
Tate County,MS,28137
Tattnall County,GA,13267
Taylor County,FL,12123
Taylor County,GA,13269
Taylor County,IA,19173
Taylor County,KY,21217
Taylor County,TX,48441
Taylor County,WV,54091
Taylor County,WI,55119
Tazewell County,IL,17179
Tazewell County,VA,51185
Tehama County,CA,06103
Telfair County,GA,13271
Teller County,CO,08119
Tensas Parish,LA,22107
Terrebonne Parish,LA,22109
Terrell County,GA,13273
Terrell County,TX,48443
Terry County,TX,48445
Teton County,ID,16081
Teton County,MT,30099
Teton County,WY,56039
Texas County,MO,29215
Texas County,OK,40139
Thayer County,NE,31169
Thomas County,GA,13275
Thomas County,KS,20193
Thomas County,NE,31171
Throckmorton County,TX,48447
Thurston County,NE,31173
Thurston County,WA,53067
Tift County,GA,13277
Tillamook County,OR,41057
Tillman County,OK,40141
Tinian Municipality,MP,69120
Tioga County,NY,36107
Tioga County,PA,42117
Tippah County,MS,28139
Tippecanoe County,IN,18157
Tipton County,IN,18159
Tipton County,TN,47167
Tishomingo County,MS,28141
Titus County,TX,48449
Toa Alta Municipio,PR,72135
Toa Baja Municipio,PR,72137
Todd County,KY,21219
Todd County,MN,27153
Todd County,SD,46121
Toke,MH,68385
Tom Green County,TX,48451
Tompkins County,NY,36109
Tooele County,UT,49045
Toole County,MT,30101
Toombs County,GA,13279
Torrance County,NM,35057
Towner County,ND,38095
Towns County,GA,13281
Traill County,ND,38097
Transylvania County,NC,37175
Traverse County,MN,27155
Travis County,TX,48453
Treasure County,MT,30103
Trego County,KS,20195
Trempealeau County,WI,55121
Treutlen County,GA,13283
Trigg County,KY,21221
Trimble County,KY,21223
Trinity County,CA,06105
Trinity County,TX,48455
Tripp County,SD,46123
Troup County,GA,13285
Trousdale County,TN,47169
Trujillo Alto Municipio,PR,72139
Trumbull County,OH,39155
Tucker County,WV,54093
Tulare County,CA,06107
Tulsa County,OK,40143
Tunica County,MS,28143
Tuolumne County,CA,06109
Turner County,GA,13287
Turner County,SD,46125
Tuscaloosa County,AL,01125
Tuscarawas County,OH,39157
Tuscola County,MI,26157
Twiggs County,GA,13289
Twin Falls County,ID,16083
Tyler County,TX,48457
Tyler County,WV,54095
Tyrrell County,NC,37177
Uinta County,WY,56041
Uintah County,UT,49047
Ujae,MH,68390
Ujelang,MH,68400
Ulster County,NY,36111
Umatilla County,OR,41059
Unicoi County,TN,47171
Union County,AR,05139
Union County,FL,12125
Union County,GA,13291
Union County,IL,17181
Union County,IN,18161
Union County,IA,19175
Union County,KY,21225
Union County,MS,28145
Union County,NJ,34039
Union County,NM,35059
Union County,NC,37179
Union County,OH,39159
Union County,OR,41061
Union County,PA,42119
Union County,SC,45087
Union County,SD,46127
Union County,TN,47173
Union Parish,LA,22111
Upshur County,TX,48459
Upshur County,WV,54097
Upson County,GA,13293
Upton County,TX,48461
Utah County,UT,49049
Utrik,MH,68410
Utuado Municipio,PR,72141
Uvalde County,TX,48463
Val Verde County,TX,48465
Valdez-Cordova Census Area,AK,02261
Valencia County,NM,35061
Valley County,ID,16085
Valley County,MT,30105
Valley County,NE,31175
Van Buren County,AR,05141
Van Buren County,IA,19177
Van Buren County,MI,26159
Van Buren County,TN,47175
Van Wert County,OH,39161
Van Zandt County,TX,48467
Vance County,NC,37181
Vanderburgh County,IN,18163
Vega Alta Municipio,PR,72143
Vega Baja Municipio,PR,72145
Venango County,PA,42121
Ventura County,CA,06111
Vermilion County,IL,17183
Vermilion Parish,LA,22113
Vermillion County,IN,18165
Vernon County,MO,29217
Vernon County,WI,55123
Vernon Parish,LA,22115
Victoria County,TX,48469
Vieques Municipio,PR,72147
Vigo County,IN,18167
Vilas County,WI,55125
Villalba Municipio,PR,72149
Vinton County,OH,39163
Virginia Beach city,VA,51810
Volusia County,FL,12127
Wabash County,IL,17185
Wabash County,IN,18169
Wabasha County,MN,27157
Wabaunsee County,KS,20197
Wadena County,MN,27159
Wagoner County,OK,40145
Wahkiakum County,WA,53069
Wake County,NC,37183
Wake Island,UM,74450
Wakulla County,FL,12129
Waldo County,ME,23027
Walker County,AL,01127
Walker County,GA,13295
Walker County,TX,48471
Walla Walla County,WA,53071
Wallace County,KS,20199
Waller County,TX,48473
Wallowa County,OR,41063
Walsh County,ND,38099
Walthall County,MS,28147
Walton County,FL,12131
Walton County,GA,13297
Walworth County,SD,46129
Walworth County,WI,55127
Wapello County,IA,19179
Ward County,ND,38101
Ward County,TX,48475
Ware County,GA,13299
Warren County,GA,13301
Warren County,IL,17187
Warren County,IN,18171
Warren County,IA,19181
Warren County,KY,21227
Warren County,MS,28149
Warren County,MO,29219
Warren County,NJ,34041
Warren County,NY,36113
Warren County,NC,37185
Warren County,OH,39165
Warren County,PA,42123
Warren County,TN,47177
Warren County,VA,51187
Warrick County,IN,18173
Wasatch County,UT,49051
Wasco County,OR,41065
Waseca County,MN,27161
Washakie County,WY,56043
Washburn County,WI,55129
Washington County,AL,01129
Washington County,AR,05143
Washington County,CO,08121
Washington County,FL,12133
Washington County,GA,13303
Washington County,ID,16087
Washington County,IL,17189
Washington County,IN,18175
Washington County,IA,19183
Washington County,KS,20201
Washington County,KY,21229
Washington County,ME,23029
Washington County,MD,24043
Washington County,MN,27163
Washington County,MS,28151
Washington County,MO,29221
Washington County,NE,31177
Washington County,NY,36115
Washington County,NC,37187
Washington County,OH,39167
Washington County,OK,40147
Washington County,OR,41067
Washington County,PA,42125
Washington County,RI,44009
Washington County,TN,47179
Washington County,TX,48477
Washington County,UT,49053
Washington County,VT,50023
Washington County,VA,51191
Washington County,WI,55131
Washita County,OK,40149
Washoe County,NV,32031
Washington Parish,LA,22117
Washtenaw County,MI,26161
Watauga County,NC,37189
Watonwan County,MN,27165
Waukesha County,WI,55133
Waupaca County,WI,55135
Waushara County,WI,55137
Wayne County,GA,13305
Wayne County,IL,17191
Wayne County,IN,18177
Wayne County,IA,19185
Wayne County,KY,21231
Wayne County,MI,26163
Wayne County,MS,28153
Wayne County,MO,29223
Wayne County,NE,31179
Wayne County,NY,36117
Wayne County,NC,37191
Wayne County,OH,39169
Wayne County,PA,42127
Wayne County,TN,47181
Wayne County,UT,49055
Wayne County,WV,54099
Waynesboro city,VA,51820
Weakley County,TN,47183
Webb County,TX,48479
Weber County,UT,49057
Webster County,GA,13307
Webster County,IA,19187
Webster County,KY,21233
Webster County,MS,28155
Webster County,MO,29225
Webster County,NE,31181
Webster County,WV,54101
Webster Parish,LA,22119
Weld County,CO,08123
Wells County,IN,18179
Wells County,ND,38103
West Baton Rouge Parish,LA,22121
West Carroll Parish,LA,22123
West Feliciana Parish,LA,22125
Westchester County,NY,36119
"Western Connecticut
Planning Region",CT,09190
Western District,AS,60050
Westmoreland County,PA,42129
Westmoreland County,VA,51193
Weston County,WY,56045
Wetzel County,WV,54103
Wexford County,MI,26165
Wharton County,TX,48481
Whatcom County,WA,53073
Wheatland County,MT,30107
Wheeler County,GA,13309
Wheeler County,NE,31183
Wheeler County,OR,41069
Wheeler County,TX,48483
White County,AR,05145
White County,GA,13311
White County,IL,17193
White County,IN,18181
White County,TN,47185
White Pine County,NV,32033
Whiteside County,IL,17195
Whitfield County,GA,13313
Whitley County,IN,18183
Whitley County,KY,21235
Whitman County,WA,53075
Wibaux County,MT,30109
Wichita County,KS,20203
Wichita County,TX,48485
Wicomico County,MD,24045
Wilbarger County,TX,48487
Wilcox County,AL,01131
Wilcox County,GA,13315
Wilkes County,GA,13317
Wilkes County,NC,37193
Wilkin County,MN,27167
Wilkinson County,GA,13319
Wilkinson County,MS,28157
Will County,IL,17197
Willacy County,TX,48489
Williams County,ND,38105
Williams County,OH,39171
Williamsburg city,VA,51830
Williamsburg County,SC,45089
Williamson County,TN,47187
Williamson County,TX,48491
Williamson County,IL,17199
Wilson County,KS,20205
Wilson County,NC,37195
Wilson County,TN,47189
Wilson County,TX,48493
Winchester city,VA,51840
Windham County,VT,50025
Windsor County,VT,50027
Winkler County,TX,48495
Winn Parish,LA,22127
Winnebago County,IL,17201
Winnebago County,IA,19189
Winnebago County,WI,55139
Winneshiek County,IA,19191
Winona County,MN,27169
Winston County,AL,01133
Winston County,MS,28159
Wirt County,WV,54105
Wise County,TX,48497
Wise County,VA,51195
Wolfe County,KY,21237
Wood County,OH,39173
Wood County,TX,48499
Wood County,WV,54107
Wood County,WI,55141
Woodbury County,IA,19193
Woodford County,IL,17203
Woodford County,KY,21239
Woodruff County,AR,05147
Woods County,OK,40151
Woodson County,KS,20207
Woodward County,OK,40153
Worcester County,MD,24047
Worcester County,MA,25027
Worth County,GA,13321
Worth County,IA,19195
Worth County,MO,29227
Wotho,MH,68420
Wotle,MH,68430
Wrangell City and Borough,AK,02275
Wright County,IA,19197
Wright County,MN,27171
Wright County,MO,29229
Wyandot County,OH,39175
Wyandotte County,KS,20209
Wyoming County,NY,36121
Wyoming County,PA,42131
Wyoming County,WV,54109
Wythe County,VA,51197
Yabucoa Municipio,PR,72151
Yadkin County,NC,37197
Yakima County,WA,53077
Yakutat City and Borough,AK,02282
Yalobusha County,MS,28161
Yamhill County,OR,41071
Yancey County,NC,37199
Yankton County,SD,46135
Yap,FM,64060
Yates County,NY,36123
Yauco Municipio,PR,72153
Yavapai County,AZ,04025
Yazoo County,MS,28163
Yell County,AR,05149
Yellow Medicine County,MN,27173
Yellowstone County,MT,30111
Yoakum County,TX,48501
Yolo County,CA,06113
York County,ME,23031
York County,NE,31185
York County,PA,42133
York County,SC,45091
York County,VA,51199
Young County,TX,48503
Yuba County,CA,06115
Yukon-Koyukuk Census Area,AK,02290
Yuma County,AZ,04027
Yuma County,CO,08125
Zapata County,TX,48505
Zavala County,TX,48507
Ziebach County,SD,46137